current_path,method,router_prefix,route_path,file,line
/api/v1/alerts/dashboards/operational,POST,/alerts,/dashboards/operational,/home/ispframework/projects/isp-framework/backend/app/api/v1/endpoints/alerts.py,157
/api/v1/alerts/effectiveness,GET,/alerts,/effectiveness,/home/ispframework/projects/isp-framework/backend/app/api/v1/endpoints/alerts.py,240
/api/v1/alerts/metrics,GET,/alerts,/metrics,/home/ispframework/projects/isp-framework/backend/app/api/v1/endpoints/alerts.py,220
/api/v1/alerts/process,POST,/alerts,/process,/home/ispframework/projects/isp-framework/backend/app/api/v1/endpoints/alerts.py,182
/api/v1/alerts/rules/error-handling,POST,/alerts,/rules/error-handling,/home/ispframework/projects/isp-framework/backend/app/api/v1/endpoints/alerts.py,132
/api/v1/alerts/status,GET,/alerts,/status,/home/ispframework/projects/isp-framework/backend/app/api/v1/endpoints/alerts.py,262
/api/v1/alerts/test,POST,/alerts,/test,/home/ispframework/projects/isp-framework/backend/app/api/v1/endpoints/alerts.py,282
/api/v1/alerts/webhooks/grafana,POST,/alerts,/webhooks/grafana,/home/ispframework/projects/isp-framework/backend/app/api/v1/endpoints/alerts.py,74
/api/v1/alerts/webhooks/test,GET,/alerts,/webhooks/test,/home/ispframework/projects/isp-framework/backend/app/api/v1/endpoints/alerts.py,117
/api/v1/api-management/cleanup,POST,/api-management,/cleanup,/home/ispframework/projects/isp-framework/backend/app/api/v1/endpoints/api_management.py,296
/api/v1/api-management/keys,POST,/api-management,/keys,/home/ispframework/projects/isp-framework/backend/app/api/v1/endpoints/api_management.py,39
/api/v1/api-management/keys,GET,/api-management,/keys,/home/ispframework/projects/isp-framework/backend/app/api/v1/endpoints/api_management.py,54
/api/v1/api-management/keys/{key_id},GET,/api-management,/keys/{key_id},/home/ispframework/projects/isp-framework/backend/app/api/v1/endpoints/api_management.py,80
/api/v1/api-management/keys/{key_id},PUT,/api-management,/keys/{key_id},/home/ispframework/projects/isp-framework/backend/app/api/v1/endpoints/api_management.py,95
/api/v1/api-management/keys/{key_id},DELETE,/api-management,/keys/{key_id},/home/ispframework/projects/isp-framework/backend/app/api/v1/endpoints/api_management.py,113
/api/v1/api-management/keys/{key_id}/quota,GET,/api-management,/keys/{key_id}/quota,/home/ispframework/projects/isp-framework/backend/app/api/v1/endpoints/api_management.py,159
/api/v1/api-management/keys/{key_id}/usage,GET,/api-management,/keys/{key_id}/usage,/home/ispframework/projects/isp-framework/backend/app/api/v1/endpoints/api_management.py,128
/api/v1/api-management/quota/check,GET,/api-management,/quota/check,/home/ispframework/projects/isp-framework/backend/app/api/v1/endpoints/api_management.py,379
/api/v1/api-management/rate-limit/check,GET,/api-management,/rate-limit/check,/home/ispframework/projects/isp-framework/backend/app/api/v1/endpoints/api_management.py,353
/api/v1/api-management/usage/analytics,GET,/api-management,/usage/analytics,/home/ispframework/projects/isp-framework/backend/app/api/v1/endpoints/api_management.py,276
/api/v1/api-management/usage/log,POST,/api-management,/usage/log,/home/ispframework/projects/isp-framework/backend/app/api/v1/endpoints/api_management.py,337
/api/v1/api-management/validate,GET,/api-management,/validate,/home/ispframework/projects/isp-framework/backend/app/api/v1/endpoints/api_management.py,315
/api/v1/api-management/versions,POST,/api-management,/versions,/home/ispframework/projects/isp-framework/backend/app/api/v1/endpoints/api_management.py,190
/api/v1/api-management/versions,GET,/api-management,/versions,/home/ispframework/projects/isp-framework/backend/app/api/v1/endpoints/api_management.py,205
/api/v1/api-management/versions/{version_id},GET,/api-management,/versions/{version_id},/home/ispframework/projects/isp-framework/backend/app/api/v1/endpoints/api_management.py,217
/api/v1/api-management/versions/{version_id},PUT,/api-management,/versions/{version_id},/home/ispframework/projects/isp-framework/backend/app/api/v1/endpoints/api_management.py,232
/api/v1/api-management/versions/{version_id}/endpoints,POST,/api-management,/versions/{version_id}/endpoints,/home/ispframework/projects/isp-framework/backend/app/api/v1/endpoints/api_management.py,248
/api/v1/api-management/versions/{version_id}/endpoints,GET,/api-management,/versions/{version_id}/endpoints,/home/ispframework/projects/isp-framework/backend/app/api/v1/endpoints/api_management.py,264
/api/v1/audit/audit-queue,GET,/audit,/audit-queue,/home/ispframework/projects/isp-framework/backend/app/api/v1/endpoints/audit_management.py,123
/api/v1/audit/audit-queue/stats,GET,/audit,/audit-queue/stats,/home/ispframework/projects/isp-framework/backend/app/api/v1/endpoints/audit_management.py,158
/api/v1/audit/audit-queue/{entry_id}/retry,POST,/audit,/audit-queue/{entry_id}/retry,/home/ispframework/projects/isp-framework/backend/app/api/v1/endpoints/audit_management.py,195
/api/v1/audit/cdc-log,GET,/audit,/cdc-log,/home/ispframework/projects/isp-framework/backend/app/api/v1/endpoints/audit_management.py,335
/api/v1/audit/cdc-log/stats,GET,/audit,/cdc-log/stats,/home/ispframework/projects/isp-framework/backend/app/api/v1/endpoints/audit_management.py,370
/api/v1/audit/configuration-snapshots,GET,/audit,/configuration-snapshots,/home/ispframework/projects/isp-framework/backend/app/api/v1/endpoints/audit_management.py,231
/api/v1/audit/configuration-snapshots,POST,/audit,/configuration-snapshots,/home/ispframework/projects/isp-framework/backend/app/api/v1/endpoints/audit_management.py,266
/api/v1/audit/configuration-snapshots/{snapshot_id}/activate,GET,/audit,/configuration-snapshots/{snapshot_id}/activate,/home/ispframework/projects/isp-framework/backend/app/api/v1/endpoints/audit_management.py,301
/api/v1/audit/dashboard,GET,/audit,/dashboard,/home/ispframework/projects/isp-framework/backend/app/api/v1/endpoints/audit_management.py,536
/api/v1/audit/health,GET,/audit,/health,/home/ispframework/projects/isp-framework/backend/app/api/v1/endpoints/audit_management.py,489
/api/v1/audit/maintenance/cleanup,POST,/audit,/maintenance/cleanup,/home/ispframework/projects/isp-framework/backend/app/api/v1/endpoints/audit_management.py,520
/api/v1/audit/maintenance/retry-failed,POST,/audit,/maintenance/retry-failed,/home/ispframework/projects/isp-framework/backend/app/api/v1/endpoints/audit_management.py,504
/api/v1/audit/processors,GET,/audit,/processors,/home/ispframework/projects/isp-framework/backend/app/api/v1/endpoints/audit_management.py,414
/api/v1/audit/processors/stats,GET,/audit,/processors/stats,/home/ispframework/projects/isp-framework/backend/app/api/v1/endpoints/audit_management.py,473
/api/v1/audit/processors/{processor_name}/control,POST,/audit,/processors/{processor_name}/control,/home/ispframework/projects/isp-framework/backend/app/api/v1/endpoints/audit_management.py,429
/api/v1/auth/2fa/api-keys,POST,/auth/2fa,/api-keys,/home/ispframework/projects/isp-framework/backend/app/api/v1/endpoints/two_factor.py,183
/api/v1/auth/2fa/api-keys,GET,/auth/2fa,/api-keys,/home/ispframework/projects/isp-framework/backend/app/api/v1/endpoints/two_factor.py,217
/api/v1/auth/2fa/api-keys/{key_id},DELETE,/auth/2fa,/api-keys/{key_id},/home/ispframework/projects/isp-framework/backend/app/api/v1/endpoints/two_factor.py,239
/api/v1/auth/2fa/disable,POST,/auth/2fa,/disable,/home/ispframework/projects/isp-framework/backend/app/api/v1/endpoints/two_factor.py,128
/api/v1/auth/2fa/setup,POST,/auth/2fa,/setup,/home/ispframework/projects/isp-framework/backend/app/api/v1/endpoints/two_factor.py,23
/api/v1/auth/2fa/status,GET,/auth/2fa,/status,/home/ispframework/projects/isp-framework/backend/app/api/v1/endpoints/two_factor.py,160
/api/v1/auth/2fa/verify,POST,/auth/2fa,/verify,/home/ispframework/projects/isp-framework/backend/app/api/v1/endpoints/two_factor.py,90
/api/v1/auth/2fa/verify-setup,POST,/auth/2fa,/verify-setup,/home/ispframework/projects/isp-framework/backend/app/api/v1/endpoints/two_factor.py,57
/api/v1/auth/me,GET,/auth,/me,/home/ispframework/projects/isp-framework/backend/app/api/v1/endpoints/auth.py,60
/api/v1/auth/oauth/clients/{client_id},GET,/auth/oauth,/clients/{client_id},/home/ispframework/projects/isp-framework/backend/app/api/v1/endpoints/oauth.py,272
/api/v1/auth/oauth/introspect,POST,/auth/oauth,/introspect,/home/ispframework/projects/isp-framework/backend/app/api/v1/endpoints/oauth.py,233
/api/v1/auth/oauth/revoke,POST,/auth/oauth,/revoke,/home/ispframework/projects/isp-framework/backend/app/api/v1/endpoints/oauth.py,192
/api/v1/auth/oauth/token,POST,/auth/oauth,/token,/home/ispframework/projects/isp-framework/backend/app/api/v1/endpoints/oauth.py,43
/api/v1/auth/portal/authenticate,POST,/auth/portal,/authenticate,/home/ispframework/projects/isp-framework/backend/app/api/v1/endpoints/portal_auth.py,110
/api/v1/auth/portal/config,GET,/auth/portal,/config,/home/ispframework/projects/isp-framework/backend/app/api/v1/endpoints/portal_auth.py,331
/api/v1/auth/portal/config,POST,/auth/portal,/config,/home/ispframework/projects/isp-framework/backend/app/api/v1/endpoints/portal_auth.py,390
/api/v1/auth/portal/config/all,GET,/auth/portal,/config/all,/home/ispframework/projects/isp-framework/backend/app/api/v1/endpoints/portal_auth.py,360
/api/v1/auth/portal/config/{config_id},PUT,/auth/portal,/config/{config_id},/home/ispframework/projects/isp-framework/backend/app/api/v1/endpoints/portal_auth.py,421
/api/v1/auth/portal/customer/{portal_id},GET,/auth/portal,/customer/{portal_id},/home/ispframework/projects/isp-framework/backend/app/api/v1/endpoints/portal_auth.py,153
/api/v1/auth/portal/history,GET,/auth/portal,/history,/home/ispframework/projects/isp-framework/backend/app/api/v1/endpoints/portal_auth.py,456
/api/v1/auth/portal/migrate,POST,/auth/portal,/migrate,/home/ispframework/projects/isp-framework/backend/app/api/v1/endpoints/portal_auth.py,294
/api/v1/auth/portal/regenerate,POST,/auth/portal,/regenerate,/home/ispframework/projects/isp-framework/backend/app/api/v1/endpoints/portal_auth.py,195
/api/v1/auth/portal/validate,POST,/auth/portal,/validate,/home/ispframework/projects/isp-framework/backend/app/api/v1/endpoints/portal_auth.py,247
/api/v1/auth/refresh,POST,/auth,/refresh,/home/ispframework/projects/isp-framework/backend/app/api/v1/endpoints/auth.py,40
/api/v1/auth/reseller/change-password,POST,/auth/reseller,/change-password,/home/ispframework/projects/isp-framework/backend/app/api/v1/endpoints/reseller_auth.py,130
/api/v1/auth/reseller/login,POST,/auth/reseller,/login,/home/ispframework/projects/isp-framework/backend/app/api/v1/endpoints/reseller_auth.py,56
/api/v1/auth/reseller/logout,POST,/auth/reseller,/logout,/home/ispframework/projects/isp-framework/backend/app/api/v1/endpoints/reseller_auth.py,239
/api/v1/auth/reseller/me,GET,/auth/reseller,/me,/home/ispframework/projects/isp-framework/backend/app/api/v1/endpoints/reseller_auth.py,168
/api/v1/auth/reseller/permissions,GET,/auth/reseller,/permissions,/home/ispframework/projects/isp-framework/backend/app/api/v1/endpoints/reseller_auth.py,212
/api/v1/auth/reseller/refresh,POST,/auth/reseller,/refresh,/home/ispframework/projects/isp-framework/backend/app/api/v1/endpoints/reseller_auth.py,79
/api/v1/auth/reseller/set-password,POST,/auth/reseller,/set-password,/home/ispframework/projects/isp-framework/backend/app/api/v1/endpoints/reseller_auth.py,102
/api/v1/auth/setup,POST,/auth,/setup,/home/ispframework/projects/isp-framework/backend/app/api/v1/endpoints/auth.py,77
/api/v1/auth/setup/create-admin,POST,/auth,/setup/create-admin,/home/ispframework/projects/isp-framework/backend/app/api/v1/endpoints/auth.py,122
/api/v1/auth/token,POST,/auth,/token,/home/ispframework/projects/isp-framework/backend/app/api/v1/endpoints/auth.py,16
/api/v1/background/dashboard,GET,/background,/dashboard,/home/ispframework/projects/isp-framework/backend/app/api/v1/endpoints/dead_letter_queue.py,402
/api/v1/background/items,GET,/background,/items,/home/ispframework/projects/isp-framework/backend/app/api/v1/endpoints/dead_letter_queue.py,132
/api/v1/background/items/{dlq_id},GET,/background,/items/{dlq_id},/home/ispframework/projects/isp-framework/backend/app/api/v1/endpoints/dead_letter_queue.py,175
/api/v1/background/items/{dlq_id},DELETE,/background,/items/{dlq_id},/home/ispframework/projects/isp-framework/backend/app/api/v1/endpoints/dead_letter_queue.py,252
/api/v1/background/items/{dlq_id}/retry,POST,/background,/items/{dlq_id}/retry,/home/ispframework/projects/isp-framework/backend/app/api/v1/endpoints/dead_letter_queue.py,197
/api/v1/background/logs,GET,/background,/logs,/home/ispframework/projects/isp-framework/backend/app/api/v1/endpoints/dead_letter_queue.py,357
/api/v1/background/stats,GET,/background,/stats,/home/ispframework/projects/isp-framework/backend/app/api/v1/endpoints/dead_letter_queue.py,115
/api/v1/background/tasks/active,GET,/background,/tasks/active,/home/ispframework/projects/isp-framework/backend/app/api/v1/endpoints/dead_letter_queue.py,339
/api/v1/background/tasks/{task_id}/revoke,POST,/background,/tasks/{task_id}/revoke,/home/ispframework/projects/isp-framework/backend/app/api/v1/endpoints/dead_letter_queue.py,306
/api/v1/background/tasks/{task_id}/status,GET,/background,/tasks/{task_id}/status,/home/ispframework/projects/isp-framework/backend/app/api/v1/endpoints/dead_letter_queue.py,291
/api/v1/billing/credit-notes,POST,/billing,/credit-notes/,/home/ispframework/projects/isp-framework/backend/app/api/v1/endpoints/billing.py,362
/api/v1/billing/credit-notes,GET,/billing,/credit-notes/,/home/ispframework/projects/isp-framework/backend/app/api/v1/endpoints/billing.py,380
/api/v1/billing/credit-notes/{credit_note_id},GET,/billing,/credit-notes/{credit_note_id},/home/ispframework/projects/isp-framework/backend/app/api/v1/endpoints/billing.py,416
/api/v1/billing/customers/{customer_id}/billing-summary,GET,/billing,/customers/{customer_id}/billing-summary,/home/ispframework/projects/isp-framework/backend/app/api/v1/endpoints/billing.py,490
/api/v1/billing/customers/{customer_id}/credit-notes,GET,/billing,/customers/{customer_id}/credit-notes,/home/ispframework/projects/isp-framework/backend/app/api/v1/endpoints/billing.py,454
/api/v1/billing/customers/{customer_id}/invoices,GET,/billing,/customers/{customer_id}/invoices,/home/ispframework/projects/isp-framework/backend/app/api/v1/endpoints/billing.py,230
/api/v1/billing/customers/{customer_id}/payments,GET,/billing,/customers/{customer_id}/payments,/home/ispframework/projects/isp-framework/backend/app/api/v1/endpoints/billing.py,343
/api/v1/billing/invoices,POST,/billing,/invoices/,/home/ispframework/projects/isp-framework/backend/app/api/v1/endpoints/billing.py,39
/api/v1/billing/invoices,GET,/billing,/invoices/,/home/ispframework/projects/isp-framework/backend/app/api/v1/endpoints/billing.py,56
/api/v1/billing/invoices/overdue,GET,/billing,/invoices/overdue,/home/ispframework/projects/isp-framework/backend/app/api/v1/endpoints/billing.py,215
/api/v1/billing/invoices/{invoice_id},GET,/billing,/invoices/{invoice_id},/home/ispframework/projects/isp-framework/backend/app/api/v1/endpoints/billing.py,94
/api/v1/billing/invoices/{invoice_id},PUT,/billing,/invoices/{invoice_id},/home/ispframework/projects/isp-framework/backend/app/api/v1/endpoints/billing.py,116
/api/v1/billing/invoices/{invoice_id}/cancel,POST,/billing,/invoices/{invoice_id}/cancel,/home/ispframework/projects/isp-framework/backend/app/api/v1/endpoints/billing.py,165
/api/v1/billing/invoices/{invoice_id}/credit-notes,GET,/billing,/invoices/{invoice_id}/credit-notes,/home/ispframework/projects/isp-framework/backend/app/api/v1/endpoints/billing.py,438
/api/v1/billing/invoices/{invoice_id}/items,POST,/billing,/invoices/{invoice_id}/items,/home/ispframework/projects/isp-framework/backend/app/api/v1/endpoints/billing.py,190
/api/v1/billing/invoices/{invoice_id}/payments,GET,/billing,/invoices/{invoice_id}/payments,/home/ispframework/projects/isp-framework/backend/app/api/v1/endpoints/billing.py,327
/api/v1/billing/invoices/{invoice_id}/send,POST,/billing,/invoices/{invoice_id}/send,/home/ispframework/projects/isp-framework/backend/app/api/v1/endpoints/billing.py,141
/api/v1/billing/overview,GET,/billing,/overview,/home/ispframework/projects/isp-framework/backend/app/api/v1/endpoints/billing.py,473
/api/v1/billing/payments,POST,/billing,/payments/,/home/ispframework/projects/isp-framework/backend/app/api/v1/endpoints/billing.py,249
/api/v1/billing/payments,GET,/billing,/payments/,/home/ispframework/projects/isp-framework/backend/app/api/v1/endpoints/billing.py,267
/api/v1/billing/payments/{payment_id},GET,/billing,/payments/{payment_id},/home/ispframework/projects/isp-framework/backend/app/api/v1/endpoints/billing.py,305
/api/v1/billing/statistics,GET,/billing,/statistics,/home/ispframework/projects/isp-framework/backend/app/api/v1/endpoints/billing.py,506
/api/v1/communications/dashboard,GET,/communications,/dashboard,/home/ispframework/projects/isp-framework/backend/app/api/v1/endpoints/communications.py,566
/api/v1/communications/health,GET,/communications,/health,/home/ispframework/projects/isp-framework/backend/app/api/v1/endpoints/communications.py,538
/api/v1/communications/logs,GET,/communications,/logs,/home/ispframework/projects/isp-framework/backend/app/api/v1/endpoints/communications.py,341
/api/v1/communications/logs/{log_id},GET,/communications,/logs/{log_id},/home/ispframework/projects/isp-framework/backend/app/api/v1/endpoints/communications.py,376
/api/v1/communications/logs/{log_id}/retry,POST,/communications,/logs/{log_id}/retry,/home/ispframework/projects/isp-framework/backend/app/api/v1/endpoints/communications.py,392
/api/v1/communications/preferences/{customer_id},GET,/communications,/preferences/{customer_id},/home/ispframework/projects/isp-framework/backend/app/api/v1/endpoints/communications.py,473
/api/v1/communications/preferences/{customer_id},PUT,/communications,/preferences/{customer_id},/home/ispframework/projects/isp-framework/backend/app/api/v1/endpoints/communications.py,489
/api/v1/communications/providers,POST,/communications,/providers,/home/ispframework/projects/isp-framework/backend/app/api/v1/endpoints/communications.py,200
/api/v1/communications/providers,GET,/communications,/providers,/home/ispframework/projects/isp-framework/backend/app/api/v1/endpoints/communications.py,211
/api/v1/communications/providers/{provider_id},GET,/communications,/providers/{provider_id},/home/ispframework/projects/isp-framework/backend/app/api/v1/endpoints/communications.py,242
/api/v1/communications/providers/{provider_id},PUT,/communications,/providers/{provider_id},/home/ispframework/projects/isp-framework/backend/app/api/v1/endpoints/communications.py,258
/api/v1/communications/providers/{provider_id},DELETE,/communications,/providers/{provider_id},/home/ispframework/projects/isp-framework/backend/app/api/v1/endpoints/communications.py,275
/api/v1/communications/queues,GET,/communications,/queues,/home/ispframework/projects/isp-framework/backend/app/api/v1/endpoints/communications.py,426
/api/v1/communications/queues/{queue_id},GET,/communications,/queues/{queue_id},/home/ispframework/projects/isp-framework/backend/app/api/v1/endpoints/communications.py,455
/api/v1/communications/send,POST,/communications,/send,/home/ispframework/projects/isp-framework/backend/app/api/v1/endpoints/communications.py,294
/api/v1/communications/send-bulk,POST,/communications,/send-bulk,/home/ispframework/projects/isp-framework/backend/app/api/v1/endpoints/communications.py,317
/api/v1/communications/stats,GET,/communications,/stats,/home/ispframework/projects/isp-framework/backend/app/api/v1/endpoints/communications.py,412
/api/v1/communications/system-templates,GET,/communications,/system-templates,/home/ispframework/projects/isp-framework/backend/app/api/v1/endpoints/communications.py,504
/api/v1/communications/templates,POST,/communications,/templates,/home/ispframework/projects/isp-framework/backend/app/api/v1/endpoints/communications.py,75
/api/v1/communications/templates,GET,/communications,/templates,/home/ispframework/projects/isp-framework/backend/app/api/v1/endpoints/communications.py,89
/api/v1/communications/templates/{template_id},GET,/communications,/templates/{template_id},/home/ispframework/projects/isp-framework/backend/app/api/v1/endpoints/communications.py,122
/api/v1/communications/templates/{template_id},PUT,/communications,/templates/{template_id},/home/ispframework/projects/isp-framework/backend/app/api/v1/endpoints/communications.py,138
/api/v1/communications/templates/{template_id},DELETE,/communications,/templates/{template_id},/home/ispframework/projects/isp-framework/backend/app/api/v1/endpoints/communications.py,157
/api/v1/communications/templates/{template_id}/test,POST,/communications,/templates/{template_id}/test,/home/ispframework/projects/isp-framework/backend/app/api/v1/endpoints/communications.py,175
/api/v1/customers,GET,/customers,/,/home/ispframework/projects/isp-framework/backend/app/api/v1/endpoints/customers.py,16
/api/v1/customers,POST,/customers,/,/home/ispframework/projects/isp-framework/backend/app/api/v1/endpoints/customers.py,48
/api/v1/customers/account/activity,GET,/customers,/account/activity,/home/ispframework/projects/isp-framework/backend/app/api/v1/endpoints/customer_portal.py,556
/api/v1/customers/account/preferences,GET,/customers,/account/preferences,/home/ispframework/projects/isp-framework/backend/app/api/v1/endpoints/customer_portal.py,466
/api/v1/customers/account/preferences,PUT,/customers,/account/preferences,/home/ispframework/projects/isp-framework/backend/app/api/v1/endpoints/customer_portal.py,496
/api/v1/customers/auth/login,POST,/customers,/auth/login,/home/ispframework/projects/isp-framework/backend/app/api/v1/endpoints/customer_portal.py,30
/api/v1/customers/auth/logout,POST,/customers,/auth/logout,/home/ispframework/projects/isp-framework/backend/app/api/v1/endpoints/customer_portal.py,77
/api/v1/customers/billing/invoices,GET,/customers,/billing/invoices,/home/ispframework/projects/isp-framework/backend/app/api/v1/endpoints/customer_portal.py,200
/api/v1/customers/billing/payments,POST,/customers,/billing/payments,/home/ispframework/projects/isp-framework/backend/app/api/v1/endpoints/customer_portal.py,125
/api/v1/customers/billing/payments,GET,/customers,/billing/payments,/home/ispframework/projects/isp-framework/backend/app/api/v1/endpoints/customer_portal.py,160
/api/v1/customers/dashboard,GET,/customers,/dashboard,/home/ispframework/projects/isp-framework/backend/app/api/v1/endpoints/customer_portal.py,104
/api/v1/customers/notifications,GET,/customers,/notifications,/home/ispframework/projects/isp-framework/backend/app/api/v1/endpoints/customer_portal.py,361
/api/v1/customers/notifications/{notification_id},DELETE,/customers,/notifications/{notification_id},/home/ispframework/projects/isp-framework/backend/app/api/v1/endpoints/customer_portal.py,435
/api/v1/customers/notifications/{notification_id}/read,PUT,/customers,/notifications/{notification_id}/read,/home/ispframework/projects/isp-framework/backend/app/api/v1/endpoints/customer_portal.py,405
/api/v1/customers/services,GET,/customers/services,/,/home/ispframework/projects/isp-framework/backend/app/api/v1/endpoints/customer_services.py,21
/api/v1/customers/services,POST,/customers/services,/,/home/ispframework/projects/isp-framework/backend/app/api/v1/endpoints/customer_services.py,60
/api/v1/customers/services/analytics/expiring,GET,/customers/services,/analytics/expiring,/home/ispframework/projects/isp-framework/backend/app/api/v1/endpoints/customer_services.py,312
/api/v1/customers/services/analytics/revenue,GET,/customers/services,/analytics/revenue,/home/ispframework/projects/isp-framework/backend/app/api/v1/endpoints/customer_services.py,333
/api/v1/customers/services/bulk/status,PATCH,/customers/services,/bulk/status,/home/ispframework/projects/isp-framework/backend/app/api/v1/endpoints/customer_services.py,360
/api/v1/customers/services/customer/{customer_id}/overview,GET,/customers/services,/customer/{customer_id}/overview,/home/ispframework/projects/isp-framework/backend/app/api/v1/endpoints/customer_services.py,234
/api/v1/customers/services/customer/{customer_id}/services,GET,/customers/services,/customer/{customer_id}/services,/home/ispframework/projects/isp-framework/backend/app/api/v1/endpoints/customer_services.py,258
/api/v1/customers/services/provision,POST,/customers/services,/provision,/home/ispframework/projects/isp-framework/backend/app/api/v1/endpoints/customer_services.py,209
/api/v1/customers/services/requests,POST,/customers,/services/requests,/home/ispframework/projects/isp-framework/backend/app/api/v1/endpoints/customer_portal.py,224
/api/v1/customers/services/requests,GET,/customers,/services/requests,/home/ispframework/projects/isp-framework/backend/app/api/v1/endpoints/customer_portal.py,261
/api/v1/customers/services/service-plan/{service_plan_id}/assignments,GET,/customers/services,/service-plan/{service_plan_id}/assignments,/home/ispframework/projects/isp-framework/backend/app/api/v1/endpoints/customer_services.py,287
/api/v1/customers/services/usage,GET,/customers,/services/usage,/home/ispframework/projects/isp-framework/backend/app/api/v1/endpoints/customer_portal.py,325
/api/v1/customers/services/{service_id},GET,/customers/services,/{service_id},/home/ispframework/projects/isp-framework/backend/app/api/v1/endpoints/customer_services.py,86
/api/v1/customers/services/{service_id},PUT,/customers/services,/{service_id},/home/ispframework/projects/isp-framework/backend/app/api/v1/endpoints/customer_services.py,110
/api/v1/customers/services/{service_id}/activate,PATCH,/customers/services,/{service_id}/activate,/home/ispframework/projects/isp-framework/backend/app/api/v1/endpoints/customer_services.py,137
/api/v1/customers/services/{service_id}/suspend,PATCH,/customers/services,/{service_id}/suspend,/home/ispframework/projects/isp-framework/backend/app/api/v1/endpoints/customer_services.py,161
/api/v1/customers/services/{service_id}/terminate,PATCH,/customers/services,/{service_id}/terminate,/home/ispframework/projects/isp-framework/backend/app/api/v1/endpoints/customer_services.py,185
/api/v1/customers/services/{service_id}/upgrade-options,GET,/customers,/services/{service_id}/upgrade-options,/home/ispframework/projects/isp-framework/backend/app/api/v1/endpoints/customer_portal.py,301
/api/v1/customers/support/faq,GET,/customers,/support/faq,/home/ispframework/projects/isp-framework/backend/app/api/v1/endpoints/customer_portal.py,516
/api/v1/customers/{customer_id},GET,/customers,/{customer_id},/home/ispframework/projects/isp-framework/backend/app/api/v1/endpoints/customers.py,74
/api/v1/customers/{customer_id},PUT,/customers,/{customer_id},/home/ispframework/projects/isp-framework/backend/app/api/v1/endpoints/customers.py,99
/api/v1/customers/{customer_id},DELETE,/customers,/{customer_id},/home/ispframework/projects/isp-framework/backend/app/api/v1/endpoints/customers.py,131
/api/v1/customers/{customer_id}/status,PATCH,/customers,/{customer_id}/status,/home/ispframework/projects/isp-framework/backend/app/api/v1/endpoints/customers.py,157
/api/v1/dashboard/alerts/active,GET,/dashboard,/alerts/active,/home/ispframework/projects/isp-framework/backend/app/api/v1/endpoints/operational_dashboard.py,141
/api/v1/dashboard/complete-dashboard,GET,/dashboard,/complete-dashboard,/home/ispframework/projects/isp-framework/backend/app/api/v1/endpoints/operational_dashboard.py,103
/api/v1/dashboard/error-metrics,GET,/dashboard,/error-metrics,/home/ispframework/projects/isp-framework/backend/app/api/v1/endpoints/operational_dashboard.py,49
/api/v1/dashboard/health-check,GET,/dashboard,/health-check,/home/ispframework/projects/isp-framework/backend/app/api/v1/endpoints/operational_dashboard.py,172
/api/v1/dashboard/health-overview,GET,/dashboard,/health-overview,/home/ispframework/projects/isp-framework/backend/app/api/v1/endpoints/operational_dashboard.py,22
/api/v1/dashboard/operational-kpis,GET,/dashboard,/operational-kpis,/home/ispframework/projects/isp-framework/backend/app/api/v1/endpoints/operational_dashboard.py,76
/api/v1/files,POST,/files,/,/home/ispframework/projects/isp-framework/backend/app/api/v1/endpoints/files.py,37
/api/v1/files,GET,/files,/,/home/ispframework/projects/isp-framework/backend/app/api/v1/endpoints/files.py,71
/api/v1/files/exports,POST,/files,/exports,/home/ispframework/projects/isp-framework/backend/app/api/v1/endpoints/files.py,330
/api/v1/files/exports,GET,/files,/exports,/home/ispframework/projects/isp-framework/backend/app/api/v1/endpoints/files.py,361
/api/v1/files/exports/{job_id},GET,/files,/exports/{job_id},/home/ispframework/projects/isp-framework/backend/app/api/v1/endpoints/files.py,397
/api/v1/files/imports,POST,/files,/imports,/home/ispframework/projects/isp-framework/backend/app/api/v1/endpoints/files.py,175
/api/v1/files/imports,GET,/files,/imports,/home/ispframework/projects/isp-framework/backend/app/api/v1/endpoints/files.py,207
/api/v1/files/imports/{job_id},GET,/files,/imports/{job_id},/home/ispframework/projects/isp-framework/backend/app/api/v1/endpoints/files.py,243
/api/v1/files/imports/{job_id}/preview,GET,/files,/imports/{job_id}/preview,/home/ispframework/projects/isp-framework/backend/app/api/v1/endpoints/files.py,265
/api/v1/files/imports/{job_id}/process,POST,/files,/imports/{job_id}/process,/home/ispframework/projects/isp-framework/backend/app/api/v1/endpoints/files.py,287
/api/v1/files/{file_id},GET,/files,/{file_id},/home/ispframework/projects/isp-framework/backend/app/api/v1/endpoints/files.py,110
/api/v1/files/{file_id},DELETE,/files,/{file_id},/home/ispframework/projects/isp-framework/backend/app/api/v1/endpoints/files.py,154
/api/v1/files/{file_id}/download,GET,/files,/{file_id}/download,/home/ispframework/projects/isp-framework/backend/app/api/v1/endpoints/files.py,132
/api/v1/network/devices/alerts,GET,/network/devices,/alerts,/home/ispframework/projects/isp-framework/backend/app/api/v1/endpoints/device_management.py,310
/api/v1/network/devices/alerts/{alert_id}/acknowledge,POST,/network/devices,/alerts/{alert_id}/acknowledge,/home/ispframework/projects/isp-framework/backend/app/api/v1/endpoints/device_management.py,349
/api/v1/network/devices/dashboard/summary,GET,/network/devices,/dashboard/summary,/home/ispframework/projects/isp-framework/backend/app/api/v1/endpoints/device_management.py,598
/api/v1/network/devices/devices,GET,/network/devices,/devices,/home/ispframework/projects/isp-framework/backend/app/api/v1/endpoints/device_management.py,32
/api/v1/network/devices/devices,POST,/network/devices,/devices,/home/ispframework/projects/isp-framework/backend/app/api/v1/endpoints/device_management.py,71
/api/v1/network/devices/devices/{device_id},GET,/network/devices,/devices/{device_id},/home/ispframework/projects/isp-framework/backend/app/api/v1/endpoints/device_management.py,93
/api/v1/network/devices/devices/{device_id}/backup,POST,/network/devices,/devices/{device_id}/backup,/home/ispframework/projects/isp-framework/backend/app/api/v1/endpoints/device_management.py,191
/api/v1/network/devices/devices/{device_id}/backups,GET,/network/devices,/devices/{device_id}/backups,/home/ispframework/projects/isp-framework/backend/app/api/v1/endpoints/device_management.py,212
/api/v1/network/devices/devices/{device_id}/health,GET,/network/devices,/devices/{device_id}/health,/home/ispframework/projects/isp-framework/backend/app/api/v1/endpoints/device_management.py,172
/api/v1/network/devices/devices/{device_id}/interfaces,GET,/network/devices,/devices/{device_id}/interfaces,/home/ispframework/projects/isp-framework/backend/app/api/v1/endpoints/device_management.py,276
/api/v1/network/devices/devices/{device_id}/metrics/{metric_name},GET,/network/devices,/devices/{device_id}/metrics/{metric_name},/home/ispframework/projects/isp-framework/backend/app/api/v1/endpoints/device_management.py,245
/api/v1/network/devices/devices/{device_id}/monitor,POST,/network/devices,/devices/{device_id}/monitor,/home/ispframework/projects/isp-framework/backend/app/api/v1/endpoints/device_management.py,152
/api/v1/network/devices/devices/{device_id}/snmp/collect-interface-metrics,POST,/network/devices,/devices/{device_id}/snmp/collect-interface-metrics,/home/ispframework/projects/isp-framework/backend/app/api/v1/endpoints/device_management.py,423
/api/v1/network/devices/devices/{device_id}/snmp/collect-system-metrics,POST,/network/devices,/devices/{device_id}/snmp/collect-system-metrics,/home/ispframework/projects/isp-framework/backend/app/api/v1/endpoints/device_management.py,397
/api/v1/network/devices/devices/{device_id}/snmp/discover-info,GET,/network/devices,/devices/{device_id}/snmp/discover-info,/home/ispframework/projects/isp-framework/backend/app/api/v1/endpoints/device_management.py,472
/api/v1/network/devices/devices/{device_id}/snmp/health-check,POST,/network/devices,/devices/{device_id}/snmp/health-check,/home/ispframework/projects/isp-framework/backend/app/api/v1/endpoints/device_management.py,449
/api/v1/network/devices/devices/{device_id}/snmp/metrics/recent,GET,/network/devices,/devices/{device_id}/snmp/metrics/recent,/home/ispframework/projects/isp-framework/backend/app/api/v1/endpoints/device_management.py,504
/api/v1/network/devices/discovery/subnet,POST,/network/devices,/discovery/subnet,/home/ispframework/projects/isp-framework/backend/app/api/v1/endpoints/device_management.py,371
/api/v1/network/devices/snmp/monitoring/dashboard,GET,/network/devices,/snmp/monitoring/dashboard,/home/ispframework/projects/isp-framework/backend/app/api/v1/endpoints/device_management.py,551
/api/v1/network/radius/online,GET,/network/radius,/online,/home/ispframework/projects/isp-framework/backend/app/api/v1/endpoints/radius.py,181
/api/v1/network/radius/online/count,GET,/network/radius,/online/count,/home/ispframework/projects/isp-framework/backend/app/api/v1/endpoints/radius.py,206
/api/v1/network/radius/online/customer/{customer_id},GET,/network/radius,/online/customer/{customer_id},/home/ispframework/projects/isp-framework/backend/app/api/v1/endpoints/radius.py,217
/api/v1/network/radius/online/disconnect/{customer_id},POST,/network/radius,/online/disconnect/{customer_id},/home/ispframework/projects/isp-framework/backend/app/api/v1/endpoints/radius.py,250
/api/v1/network/radius/online/ip/{ip_address},GET,/network/radius,/online/ip/{ip_address},/home/ispframework/projects/isp-framework/backend/app/api/v1/endpoints/radius.py,228
/api/v1/network/radius/online/login/{login},GET,/network/radius,/online/login/{login},/home/ispframework/projects/isp-framework/backend/app/api/v1/endpoints/radius.py,239
/api/v1/network/radius/online/summary,GET,/network/radius,/online/summary,/home/ispframework/projects/isp-framework/backend/app/api/v1/endpoints/radius.py,266
/api/v1/network/radius/sessions,POST,/network/radius,/sessions,/home/ispframework/projects/isp-framework/backend/app/api/v1/endpoints/radius.py,29
/api/v1/network/radius/sessions,GET,/network/radius,/sessions,/home/ispframework/projects/isp-framework/backend/app/api/v1/endpoints/radius.py,40
/api/v1/network/radius/sessions/analytics,GET,/network/radius,/sessions/analytics,/home/ispframework/projects/isp-framework/backend/app/api/v1/endpoints/radius.py,155
/api/v1/network/radius/sessions/session/{session_id}/update-usage,POST,/network/radius,/sessions/session/{session_id}/update-usage,/home/ispframework/projects/isp-framework/backend/app/api/v1/endpoints/radius.py,136
/api/v1/network/radius/sessions/{session_id},GET,/network/radius,/sessions/{session_id},/home/ispframework/projects/isp-framework/backend/app/api/v1/endpoints/radius.py,84
/api/v1/network/radius/sessions/{session_id},PUT,/network/radius,/sessions/{session_id},/home/ispframework/projects/isp-framework/backend/app/api/v1/endpoints/radius.py,95
/api/v1/network/radius/sessions/{session_id}/stop,POST,/network/radius,/sessions/{session_id}/stop,/home/ispframework/projects/isp-framework/backend/app/api/v1/endpoints/radius.py,116
/api/v1/network/radius/statistics,GET,/network/radius,/statistics,/home/ispframework/projects/isp-framework/backend/app/api/v1/endpoints/radius.py,277
/api/v1/network/radius/statistics/customer/{customer_id}/summary,GET,/network/radius,/statistics/customer/{customer_id}/summary,/home/ispframework/projects/isp-framework/backend/app/api/v1/endpoints/radius.py,319
/api/v1/network/radius/statistics/generate/daily/{date},POST,/network/radius,/statistics/generate/daily/{date},/home/ispframework/projects/isp-framework/backend/app/api/v1/endpoints/radius.py,343
/api/v1/network/radius/statistics/generate/monthly/{year}/{month},POST,/network/radius,/statistics/generate/monthly/{year}/{month},/home/ispframework/projects/isp-framework/backend/app/api/v1/endpoints/radius.py,365
/api/v1/network/radius/statistics/network-utilization,GET,/network/radius,/statistics/network-utilization,/home/ispframework/projects/isp-framework/backend/app/api/v1/endpoints/radius.py,387
/api/v1/network/radius/statistics/top-users,GET,/network/radius,/statistics/top-users,/home/ispframework/projects/isp-framework/backend/app/api/v1/endpoints/radius.py,331
/api/v1/partners,POST,/partners,/,/home/ispframework/projects/isp-framework/backend/app/api/v1/endpoints/reseller.py,24
/api/v1/partners,GET,/partners,/,/home/ispframework/projects/isp-framework/backend/app/api/v1/endpoints/reseller.py,40
/api/v1/partners/me/commission-report,GET,/partners,/me/commission-report,/home/ispframework/projects/isp-framework/backend/app/api/v1/endpoints/reseller.py,241
/api/v1/partners/me/customers,GET,/partners,/me/customers,/home/ispframework/projects/isp-framework/backend/app/api/v1/endpoints/reseller.py,227
/api/v1/partners/me/dashboard,GET,/partners,/me/dashboard,/home/ispframework/projects/isp-framework/backend/app/api/v1/endpoints/reseller.py,215
/api/v1/partners/unassign-customer/{customer_id},DELETE,/partners,/unassign-customer/{customer_id},/home/ispframework/projects/isp-framework/backend/app/api/v1/endpoints/reseller.py,185
/api/v1/partners/{reseller_id},GET,/partners,/{reseller_id},/home/ispframework/projects/isp-framework/backend/app/api/v1/endpoints/reseller.py,58
/api/v1/partners/{reseller_id},PUT,/partners,/{reseller_id},/home/ispframework/projects/isp-framework/backend/app/api/v1/endpoints/reseller.py,72
/api/v1/partners/{reseller_id},DELETE,/partners,/{reseller_id},/home/ispframework/projects/isp-framework/backend/app/api/v1/endpoints/reseller.py,91
/api/v1/partners/{reseller_id}/assign-customer/{customer_id},POST,/partners,/{reseller_id}/assign-customer/{customer_id},/home/ispframework/projects/isp-framework/backend/app/api/v1/endpoints/reseller.py,167
/api/v1/partners/{reseller_id}/commission-report,GET,/partners,/{reseller_id}/commission-report,/home/ispframework/projects/isp-framework/backend/app/api/v1/endpoints/reseller.py,137
/api/v1/partners/{reseller_id}/customer-limit,GET,/partners,/{reseller_id}/customer-limit,/home/ispframework/projects/isp-framework/backend/app/api/v1/endpoints/reseller.py,200
/api/v1/partners/{reseller_id}/customers,GET,/partners,/{reseller_id}/customers,/home/ispframework/projects/isp-framework/backend/app/api/v1/endpoints/reseller.py,121
/api/v1/partners/{reseller_id}/dashboard,GET,/partners,/{reseller_id}/dashboard,/home/ispframework/projects/isp-framework/backend/app/api/v1/endpoints/reseller.py,153
/api/v1/partners/{reseller_id}/stats,GET,/partners,/{reseller_id}/stats,/home/ispframework/projects/isp-framework/backend/app/api/v1/endpoints/reseller.py,107
/api/v1/services/bundle,POST,/services,/bundle/,/home/ispframework/projects/isp-framework/backend/app/api/v1/endpoints/services.py,229
/api/v1/services/bundle,GET,/services,/bundle/,/home/ispframework/projects/isp-framework/backend/app/api/v1/endpoints/services.py,245
/api/v1/services/bundle/{service_id},GET,/services,/bundle/{service_id},/home/ispframework/projects/isp-framework/backend/app/api/v1/endpoints/services.py,266
/api/v1/services/bundle/{service_id},PUT,/services,/bundle/{service_id},/home/ispframework/projects/isp-framework/backend/app/api/v1/endpoints/services.py,282
/api/v1/services/bundle/{service_id},DELETE,/services,/bundle/{service_id},/home/ispframework/projects/isp-framework/backend/app/api/v1/endpoints/services.py,299
/api/v1/services/instances/customers/{customer_id}/services,GET,/services/instances,/customers/{customer_id}/services,/home/ispframework/projects/isp-framework/backend/app/api/v1/endpoints/service_instances.py,685
/api/v1/services/instances/customers/{customer_id}/services/summary,GET,/services/instances,/customers/{customer_id}/services/summary,/home/ispframework/projects/isp-framework/backend/app/api/v1/endpoints/service_instances.py,714
/api/v1/services/instances/services,POST,/services/instances,/services,/home/ispframework/projects/isp-framework/backend/app/api/v1/endpoints/service_instances.py,45
/api/v1/services/instances/services,GET,/services/instances,/services,/home/ispframework/projects/isp-framework/backend/app/api/v1/endpoints/service_instances.py,67
/api/v1/services/instances/services/bulk-operation,POST,/services/instances,/services/bulk-operation,/home/ispframework/projects/isp-framework/backend/app/api/v1/endpoints/service_instances.py,564
/api/v1/services/instances/services/internet,POST,/services/instances,/services/internet,/home/ispframework/projects/isp-framework/backend/app/api/v1/endpoints/service_instances.py,284
/api/v1/services/instances/services/internet,GET,/services/instances,/services/internet,/home/ispframework/projects/isp-framework/backend/app/api/v1/endpoints/service_instances.py,306
/api/v1/services/instances/services/internet/{service_id},GET,/services/instances,/services/internet/{service_id},/home/ispframework/projects/isp-framework/backend/app/api/v1/endpoints/service_instances.py,346
/api/v1/services/instances/services/internet/{service_id},PUT,/services/instances,/services/internet/{service_id},/home/ispframework/projects/isp-framework/backend/app/api/v1/endpoints/service_instances.py,367
/api/v1/services/instances/services/internet/{service_id}/change-speed,POST,/services/instances,/services/internet/{service_id}/change-speed,/home/ispframework/projects/isp-framework/backend/app/api/v1/endpoints/service_instances.py,421
/api/v1/services/instances/services/internet/{service_id}/reset-fup,POST,/services/instances,/services/internet/{service_id}/reset-fup,/home/ispframework/projects/isp-framework/backend/app/api/v1/endpoints/service_instances.py,395
/api/v1/services/instances/services/statistics,GET,/services/instances,/services/statistics,/home/ispframework/projects/isp-framework/backend/app/api/v1/endpoints/service_instances.py,593
/api/v1/services/instances/services/voice,POST,/services/instances,/services/voice,/home/ispframework/projects/isp-framework/backend/app/api/v1/endpoints/service_instances.py,455
/api/v1/services/instances/services/voice,GET,/services/instances,/services/voice,/home/ispframework/projects/isp-framework/backend/app/api/v1/endpoints/service_instances.py,477
/api/v1/services/instances/services/voice/{service_id},GET,/services/instances,/services/voice/{service_id},/home/ispframework/projects/isp-framework/backend/app/api/v1/endpoints/service_instances.py,511
/api/v1/services/instances/services/voice/{service_id}/add-balance,POST,/services/instances,/services/voice/{service_id}/add-balance,/home/ispframework/projects/isp-framework/backend/app/api/v1/endpoints/service_instances.py,532
/api/v1/services/instances/services/{service_id},GET,/services/instances,/services/{service_id},/home/ispframework/projects/isp-framework/backend/app/api/v1/endpoints/service_instances.py,120
/api/v1/services/instances/services/{service_id},PUT,/services/instances,/services/{service_id},/home/ispframework/projects/isp-framework/backend/app/api/v1/endpoints/service_instances.py,141
/api/v1/services/instances/services/{service_id},DELETE,/services/instances,/services/{service_id},/home/ispframework/projects/isp-framework/backend/app/api/v1/endpoints/service_instances.py,169
/api/v1/services/instances/services/{service_id}/activate,POST,/services/instances,/services/{service_id}/activate,/home/ispframework/projects/isp-framework/backend/app/api/v1/endpoints/service_instances.py,198
/api/v1/services/instances/services/{service_id}/billing-integration,GET,/services/instances,/services/{service_id}/billing-integration,/home/ispframework/projects/isp-framework/backend/app/api/v1/endpoints/service_instances.py,639
/api/v1/services/instances/services/{service_id}/network-integration,GET,/services/instances,/services/{service_id}/network-integration,/home/ispframework/projects/isp-framework/backend/app/api/v1/endpoints/service_instances.py,660
/api/v1/services/instances/services/{service_id}/restore,POST,/services/instances,/services/{service_id}/restore,/home/ispframework/projects/isp-framework/backend/app/api/v1/endpoints/service_instances.py,254
/api/v1/services/instances/services/{service_id}/suspend,POST,/services/instances,/services/{service_id}/suspend,/home/ispframework/projects/isp-framework/backend/app/api/v1/endpoints/service_instances.py,224
/api/v1/services/instances/services/{service_id}/usage-summary,GET,/services/instances,/services/{service_id}/usage-summary,/home/ispframework/projects/isp-framework/backend/app/api/v1/endpoints/service_instances.py,614
/api/v1/services/internet,POST,/services,/internet/,/home/ispframework/projects/isp-framework/backend/app/api/v1/endpoints/services.py,39
/api/v1/services/internet,GET,/services,/internet/,/home/ispframework/projects/isp-framework/backend/app/api/v1/endpoints/services.py,55
/api/v1/services/internet/{service_id},GET,/services,/internet/{service_id},/home/ispframework/projects/isp-framework/backend/app/api/v1/endpoints/services.py,82
/api/v1/services/internet/{service_id},PUT,/services,/internet/{service_id},/home/ispframework/projects/isp-framework/backend/app/api/v1/endpoints/services.py,98
/api/v1/services/internet/{service_id},DELETE,/services,/internet/{service_id},/home/ispframework/projects/isp-framework/backend/app/api/v1/endpoints/services.py,115
/api/v1/services/overview,GET,/services,/overview,/home/ispframework/projects/isp-framework/backend/app/api/v1/endpoints/services.py,355
/api/v1/services/plans,GET,/services/plans,/,/home/ispframework/projects/isp-framework/backend/app/api/v1/endpoints/service_plans.py,16
/api/v1/services/plans,POST,/services/plans,/,/home/ispframework/projects/isp-framework/backend/app/api/v1/endpoints/service_plans.py,40
/api/v1/services/plans/bundle,GET,/services/plans,/bundle/,/home/ispframework/projects/isp-framework/backend/app/api/v1/endpoints/service_plans.py,252
/api/v1/services/plans/internet,GET,/services/plans,/internet/,/home/ispframework/projects/isp-framework/backend/app/api/v1/endpoints/service_plans.py,212
/api/v1/services/plans/voice,GET,/services/plans,/voice/,/home/ispframework/projects/isp-framework/backend/app/api/v1/endpoints/service_plans.py,232
/api/v1/services/plans/{plan_id},GET,/services/plans,/{plan_id},/home/ispframework/projects/isp-framework/backend/app/api/v1/endpoints/service_plans.py,71
/api/v1/services/plans/{plan_id},PUT,/services/plans,/{plan_id},/home/ispframework/projects/isp-framework/backend/app/api/v1/endpoints/service_plans.py,96
/api/v1/services/plans/{plan_id},DELETE,/services/plans,/{plan_id},/home/ispframework/projects/isp-framework/backend/app/api/v1/endpoints/service_plans.py,133
/api/v1/services/plans/{plan_id}/activate,PATCH,/services/plans,/{plan_id}/activate,/home/ispframework/projects/isp-framework/backend/app/api/v1/endpoints/service_plans.py,159
/api/v1/services/plans/{plan_id}/deactivate,PATCH,/services/plans,/{plan_id}/deactivate,/home/ispframework/projects/isp-framework/backend/app/api/v1/endpoints/service_plans.py,185
/api/v1/services/provisioning/provisioning,POST,/services/provisioning,/provisioning,/home/ispframework/projects/isp-framework/backend/app/api/v1/endpoints/service_provisioning.py,41
/api/v1/services/provisioning/provisioning,GET,/services/provisioning,/provisioning,/home/ispframework/projects/isp-framework/backend/app/api/v1/endpoints/service_provisioning.py,67
/api/v1/services/provisioning/provisioning/bulk-create,POST,/services/provisioning,/provisioning/bulk-create,/home/ispframework/projects/isp-framework/backend/app/api/v1/endpoints/service_provisioning.py,613
/api/v1/services/provisioning/provisioning/bulk-start,POST,/services/provisioning,/provisioning/bulk-start,/home/ispframework/projects/isp-framework/backend/app/api/v1/endpoints/service_provisioning.py,639
/api/v1/services/provisioning/provisioning/health,GET,/services/provisioning,/provisioning/health,/home/ispframework/projects/isp-framework/backend/app/api/v1/endpoints/service_provisioning.py,714
/api/v1/services/provisioning/provisioning/queue,GET,/services/provisioning,/provisioning/queue,/home/ispframework/projects/isp-framework/backend/app/api/v1/endpoints/service_provisioning.py,471
/api/v1/services/provisioning/provisioning/queue/process,POST,/services/provisioning,/provisioning/queue/process,/home/ispframework/projects/isp-framework/backend/app/api/v1/endpoints/service_provisioning.py,494
/api/v1/services/provisioning/provisioning/statistics,GET,/services/provisioning,/provisioning/statistics,/home/ispframework/projects/isp-framework/backend/app/api/v1/endpoints/service_provisioning.py,546
/api/v1/services/provisioning/provisioning/templates,POST,/services/provisioning,/provisioning/templates,/home/ispframework/projects/isp-framework/backend/app/api/v1/endpoints/service_provisioning.py,336
/api/v1/services/provisioning/provisioning/templates,GET,/services/provisioning,/provisioning/templates,/home/ispframework/projects/isp-framework/backend/app/api/v1/endpoints/service_provisioning.py,358
/api/v1/services/provisioning/provisioning/templates/{template_id},GET,/services/provisioning,/provisioning/templates/{template_id},/home/ispframework/projects/isp-framework/backend/app/api/v1/endpoints/service_provisioning.py,395
/api/v1/services/provisioning/provisioning/templates/{template_id},PUT,/services/provisioning,/provisioning/templates/{template_id},/home/ispframework/projects/isp-framework/backend/app/api/v1/endpoints/service_provisioning.py,416
/api/v1/services/provisioning/provisioning/templates/{template_id},DELETE,/services/provisioning,/provisioning/templates/{template_id},/home/ispframework/projects/isp-framework/backend/app/api/v1/endpoints/service_provisioning.py,444
/api/v1/services/provisioning/provisioning/templates/{template_id}/test,POST,/services/provisioning,/provisioning/templates/{template_id}/test,/home/ispframework/projects/isp-framework/backend/app/api/v1/endpoints/service_provisioning.py,686
/api/v1/services/provisioning/provisioning/templates/{template_id}/validate,POST,/services/provisioning,/provisioning/templates/{template_id}/validate,/home/ispframework/projects/isp-framework/backend/app/api/v1/endpoints/service_provisioning.py,665
/api/v1/services/provisioning/provisioning/{provisioning_id},GET,/services/provisioning,/provisioning/{provisioning_id},/home/ispframework/projects/isp-framework/backend/app/api/v1/endpoints/service_provisioning.py,117
/api/v1/services/provisioning/provisioning/{provisioning_id},PUT,/services/provisioning,/provisioning/{provisioning_id},/home/ispframework/projects/isp-framework/backend/app/api/v1/endpoints/service_provisioning.py,138
/api/v1/services/provisioning/provisioning/{provisioning_id}/cancel,POST,/services/provisioning,/provisioning/{provisioning_id}/cancel,/home/ispframework/projects/isp-framework/backend/app/api/v1/endpoints/service_provisioning.py,250
/api/v1/services/provisioning/provisioning/{provisioning_id}/pause,POST,/services/provisioning,/provisioning/{provisioning_id}/pause,/home/ispframework/projects/isp-framework/backend/app/api/v1/endpoints/service_provisioning.py,196
/api/v1/services/provisioning/provisioning/{provisioning_id}/priority,POST,/services/provisioning,/provisioning/{provisioning_id}/priority,/home/ispframework/projects/isp-framework/backend/app/api/v1/endpoints/service_provisioning.py,514
/api/v1/services/provisioning/provisioning/{provisioning_id}/resume,POST,/services/provisioning,/provisioning/{provisioning_id}/resume,/home/ispframework/projects/isp-framework/backend/app/api/v1/endpoints/service_provisioning.py,224
/api/v1/services/provisioning/provisioning/{provisioning_id}/retry,POST,/services/provisioning,/provisioning/{provisioning_id}/retry,/home/ispframework/projects/isp-framework/backend/app/api/v1/endpoints/service_provisioning.py,278
/api/v1/services/provisioning/provisioning/{provisioning_id}/rollback,POST,/services/provisioning,/provisioning/{provisioning_id}/rollback,/home/ispframework/projects/isp-framework/backend/app/api/v1/endpoints/service_provisioning.py,304
/api/v1/services/provisioning/provisioning/{provisioning_id}/start,POST,/services/provisioning,/provisioning/{provisioning_id}/start,/home/ispframework/projects/isp-framework/backend/app/api/v1/endpoints/service_provisioning.py,170
/api/v1/services/provisioning/provisioning/{provisioning_id}/status-history,GET,/services/provisioning,/provisioning/{provisioning_id}/status-history,/home/ispframework/projects/isp-framework/backend/app/api/v1/endpoints/service_provisioning.py,567
/api/v1/services/provisioning/provisioning/{provisioning_id}/tasks,GET,/services/provisioning,/provisioning/{provisioning_id}/tasks,/home/ispframework/projects/isp-framework/backend/app/api/v1/endpoints/service_provisioning.py,588
/api/v1/services/radius/{service_id}/{service_type},GET,/services,/radius/{service_id}/{service_type},/home/ispframework/projects/isp-framework/backend/app/api/v1/endpoints/services.py,382
/api/v1/services/search,GET,/services,/search,/home/ispframework/projects/isp-framework/backend/app/api/v1/endpoints/services.py,328
/api/v1/services/templates/templates,POST,/services/templates,/templates,/home/ispframework/projects/isp-framework/backend/app/api/v1/endpoints/service_templates.py,47
/api/v1/services/templates/templates,GET,/services/templates,/templates,/home/ispframework/projects/isp-framework/backend/app/api/v1/endpoints/service_templates.py,69
/api/v1/services/templates/templates/available,GET,/services/templates,/templates/available,/home/ispframework/projects/isp-framework/backend/app/api/v1/endpoints/service_templates.py,514
/api/v1/services/templates/templates/bundle,POST,/services/templates,/templates/bundle,/home/ispframework/projects/isp-framework/backend/app/api/v1/endpoints/service_templates.py,433
/api/v1/services/templates/templates/bundle,GET,/services/templates,/templates/bundle,/home/ispframework/projects/isp-framework/backend/app/api/v1/endpoints/service_templates.py,455
/api/v1/services/templates/templates/bundle/{template_id},GET,/services/templates,/templates/bundle/{template_id},/home/ispframework/projects/isp-framework/backend/app/api/v1/endpoints/service_templates.py,489
/api/v1/services/templates/templates/export,GET,/services/templates,/templates/export,/home/ispframework/projects/isp-framework/backend/app/api/v1/endpoints/service_templates.py,591
/api/v1/services/templates/templates/import,POST,/services/templates,/templates/import,/home/ispframework/projects/isp-framework/backend/app/api/v1/endpoints/service_templates.py,560
/api/v1/services/templates/templates/internet,POST,/services/templates,/templates/internet,/home/ispframework/projects/isp-framework/backend/app/api/v1/endpoints/service_templates.py,234
/api/v1/services/templates/templates/internet,GET,/services/templates,/templates/internet,/home/ispframework/projects/isp-framework/backend/app/api/v1/endpoints/service_templates.py,256
/api/v1/services/templates/templates/internet/{template_id},GET,/services/templates,/templates/internet/{template_id},/home/ispframework/projects/isp-framework/backend/app/api/v1/endpoints/service_templates.py,296
/api/v1/services/templates/templates/internet/{template_id},PUT,/services/templates,/templates/internet/{template_id},/home/ispframework/projects/isp-framework/backend/app/api/v1/endpoints/service_templates.py,317
/api/v1/services/templates/templates/statistics,GET,/services/templates,/templates/statistics,/home/ispframework/projects/isp-framework/backend/app/api/v1/endpoints/service_templates.py,214
/api/v1/services/templates/templates/voice,POST,/services/templates,/templates/voice,/home/ispframework/projects/isp-framework/backend/app/api/v1/endpoints/service_templates.py,349
/api/v1/services/templates/templates/voice,GET,/services/templates,/templates/voice,/home/ispframework/projects/isp-framework/backend/app/api/v1/endpoints/service_templates.py,371
/api/v1/services/templates/templates/voice/{template_id},GET,/services/templates,/templates/voice/{template_id},/home/ispframework/projects/isp-framework/backend/app/api/v1/endpoints/service_templates.py,408
/api/v1/services/templates/templates/{template_id},GET,/services/templates,/templates/{template_id},/home/ispframework/projects/isp-framework/backend/app/api/v1/endpoints/service_templates.py,116
/api/v1/services/templates/templates/{template_id},PUT,/services/templates,/templates/{template_id},/home/ispframework/projects/isp-framework/backend/app/api/v1/endpoints/service_templates.py,137
/api/v1/services/templates/templates/{template_id},DELETE,/services/templates,/templates/{template_id},/home/ispframework/projects/isp-framework/backend/app/api/v1/endpoints/service_templates.py,165
/api/v1/services/templates/templates/{template_id}/activate,POST,/services/templates,/templates/{template_id}/activate,/home/ispframework/projects/isp-framework/backend/app/api/v1/endpoints/service_templates.py,188
/api/v1/services/templates/templates/{template_id}/validate,POST,/services/templates,/templates/{template_id}/validate,/home/ispframework/projects/isp-framework/backend/app/api/v1/endpoints/service_templates.py,535
/api/v1/services/voice,POST,/services,/voice/,/home/ispframework/projects/isp-framework/backend/app/api/v1/endpoints/services.py,137
/api/v1/services/voice,GET,/services,/voice/,/home/ispframework/projects/isp-framework/backend/app/api/v1/endpoints/services.py,153
/api/v1/services/voice/{service_id},GET,/services,/voice/{service_id},/home/ispframework/projects/isp-framework/backend/app/api/v1/endpoints/services.py,174
/api/v1/services/voice/{service_id},PUT,/services,/voice/{service_id},/home/ispframework/projects/isp-framework/backend/app/api/v1/endpoints/services.py,190
/api/v1/services/voice/{service_id},DELETE,/services,/voice/{service_id},/home/ispframework/projects/isp-framework/backend/app/api/v1/endpoints/services.py,207
/api/v1/tickets/dashboard/overview,GET,/tickets,/dashboard/overview,/home/ispframework/projects/isp-framework/backend/app/api/v1/endpoints/ticketing.py,401
/api/v1/tickets/field-work,GET,/tickets,/field-work,/home/ispframework/projects/isp-framework/backend/app/api/v1/endpoints/ticketing.py,299
/api/v1/tickets/knowledge-base/articles,POST,/tickets,/knowledge-base/articles,/home/ispframework/projects/isp-framework/backend/app/api/v1/endpoints/ticketing.py,330
/api/v1/tickets/knowledge-base/articles,GET,/tickets,/knowledge-base/articles,/home/ispframework/projects/isp-framework/backend/app/api/v1/endpoints/ticketing.py,348
/api/v1/tickets/knowledge-base/articles/{article_id},GET,/tickets,/knowledge-base/articles/{article_id},/home/ispframework/projects/isp-framework/backend/app/api/v1/endpoints/ticketing.py,378
/api/v1/tickets/tickets,POST,/tickets,/tickets,/home/ispframework/projects/isp-framework/backend/app/api/v1/endpoints/ticketing.py,42
/api/v1/tickets/tickets,GET,/tickets,/tickets,/home/ispframework/projects/isp-framework/backend/app/api/v1/endpoints/ticketing.py,60
/api/v1/tickets/tickets/statistics,GET,/tickets,/tickets/statistics,/home/ispframework/projects/isp-framework/backend/app/api/v1/endpoints/ticketing.py,189
/api/v1/tickets/tickets/{ticket_id},GET,/tickets,/tickets/{ticket_id},/home/ispframework/projects/isp-framework/backend/app/api/v1/endpoints/ticketing.py,107
/api/v1/tickets/tickets/{ticket_id},PUT,/tickets,/tickets/{ticket_id},/home/ispframework/projects/isp-framework/backend/app/api/v1/endpoints/ticketing.py,120
/api/v1/tickets/tickets/{ticket_id}/assign,PATCH,/tickets,/tickets/{ticket_id}/assign,/home/ispframework/projects/isp-framework/backend/app/api/v1/endpoints/ticketing.py,166
/api/v1/tickets/tickets/{ticket_id}/field-work,POST,/tickets,/tickets/{ticket_id}/field-work,/home/ispframework/projects/isp-framework/backend/app/api/v1/endpoints/ticketing.py,276
/api/v1/tickets/tickets/{ticket_id}/messages,POST,/tickets,/tickets/{ticket_id}/messages,/home/ispframework/projects/isp-framework/backend/app/api/v1/endpoints/ticketing.py,215
/api/v1/tickets/tickets/{ticket_id}/messages,GET,/tickets,/tickets/{ticket_id}/messages,/home/ispframework/projects/isp-framework/backend/app/api/v1/endpoints/ticketing.py,244
/api/v1/tickets/tickets/{ticket_id}/status,PATCH,/tickets,/tickets/{ticket_id}/status,/home/ispframework/projects/isp-framework/backend/app/api/v1/endpoints/ticketing.py,143
/api/v1/unknown/accounts,POST,/unknown,/accounts,/home/ispframework/projects/isp-framework/backend/app/api/v1/endpoints/billing_enhanced.py,49
/api/v1/unknown/accounts/{account_id},GET,/unknown,/accounts/{account_id},/home/ispframework/projects/isp-framework/backend/app/api/v1/endpoints/billing_enhanced.py,69
/api/v1/unknown/accounts/{account_id}/balance,GET,/unknown,/accounts/{account_id}/balance,/home/ispframework/projects/isp-framework/backend/app/api/v1/endpoints/billing_enhanced.py,85
/api/v1/unknown/accounts/{account_id}/balance,POST,/unknown,/accounts/{account_id}/balance,/home/ispframework/projects/isp-framework/backend/app/api/v1/endpoints/billing_enhanced.py,101
/api/v1/unknown/accounts/{account_id}/credit-notes,GET,/unknown,/accounts/{account_id}/credit-notes,/home/ispframework/projects/isp-framework/backend/app/api/v1/endpoints/billing_enhanced.py,347
/api/v1/unknown/accounts/{account_id}/invoices,GET,/unknown,/accounts/{account_id}/invoices,/home/ispframework/projects/isp-framework/backend/app/api/v1/endpoints/billing_enhanced.py,177
/api/v1/unknown/accounts/{account_id}/payment-methods,GET,/unknown,/accounts/{account_id}/payment-methods,/home/ispframework/projects/isp-framework/backend/app/api/v1/endpoints/billing_enhanced.py,294
/api/v1/unknown/accounts/{account_id}/payment-plans,GET,/unknown,/accounts/{account_id}/payment-plans,/home/ispframework/projects/isp-framework/backend/app/api/v1/endpoints/billing_enhanced.py,390
/api/v1/unknown/accounts/{account_id}/payments,GET,/unknown,/accounts/{account_id}/payments,/home/ispframework/projects/isp-framework/backend/app/api/v1/endpoints/billing_enhanced.py,248
/api/v1/unknown/accounts/{account_id}/summary,GET,/unknown,/accounts/{account_id}/summary,/home/ispframework/projects/isp-framework/backend/app/api/v1/endpoints/billing_enhanced.py,414
/api/v1/unknown/accounts/{account_id}/transactions,GET,/unknown,/accounts/{account_id}/transactions,/home/ispframework/projects/isp-framework/backend/app/api/v1/endpoints/billing_enhanced.py,482
/api/v1/unknown/alert-effectiveness,GET,/unknown,/alert-effectiveness,/home/ispframework/projects/isp-framework/backend/app/api/v1/endpoints/enhanced_grafana_alerts.py,154
/api/v1/unknown/alert-metrics,GET,/unknown,/alert-metrics,/home/ispframework/projects/isp-framework/backend/app/api/v1/endpoints/enhanced_grafana_alerts.py,128
/api/v1/unknown/alerts,POST,/unknown,/alerts,/home/ispframework/projects/isp-framework/backend/app/api/v1/endpoints/service_management.py,374
/api/v1/unknown/alerts,GET,/unknown,/alerts,/home/ispframework/projects/isp-framework/backend/app/api/v1/endpoints/service_management.py,401
/api/v1/unknown/alerts/{alert_id}/acknowledge,POST,/unknown,/alerts/{alert_id}/acknowledge,/home/ispframework/projects/isp-framework/backend/app/api/v1/endpoints/service_management.py,435
/api/v1/unknown/alerts/{alert_id}/resolve,POST,/unknown,/alerts/{alert_id}/resolve,/home/ispframework/projects/isp-framework/backend/app/api/v1/endpoints/service_management.py,460
/api/v1/unknown/authenticate,POST,/unknown,/authenticate,/home/ispframework/projects/isp-framework/backend/app/api/v1/endpoints/radius_integration.py,30
/api/v1/unknown/create-alert-rules,POST,/unknown,/create-alert-rules,/home/ispframework/projects/isp-framework/backend/app/api/v1/endpoints/enhanced_grafana_alerts.py,33
/api/v1/unknown/create-dashboards,POST,/unknown,/create-dashboards,/home/ispframework/projects/isp-framework/backend/app/api/v1/endpoints/enhanced_grafana_alerts.py,60
/api/v1/unknown/credit-notes,POST,/unknown,/credit-notes,/home/ispframework/projects/isp-framework/backend/app/api/v1/endpoints/billing_enhanced.py,318
/api/v1/unknown/dashboard,GET,/unknown,/dashboard,/home/ispframework/projects/isp-framework/backend/app/api/v1/endpoints/service_management.py,490
/api/v1/unknown/devices,POST,/unknown,/devices,/home/ispframework/projects/isp-framework/backend/app/api/v1/endpoints/network_modular.py,147
/api/v1/unknown/devices,GET,/unknown,/devices,/home/ispframework/projects/isp-framework/backend/app/api/v1/endpoints/network_modular.py,162
/api/v1/unknown/devices/{device_id},GET,/unknown,/devices/{device_id},/home/ispframework/projects/isp-framework/backend/app/api/v1/endpoints/network_modular.py,201
/api/v1/unknown/devices/{device_id}/vendor-config,POST,/unknown,/devices/{device_id}/vendor-config,/home/ispframework/projects/isp-framework/backend/app/api/v1/endpoints/network_modular.py,230
/api/v1/unknown/exports,POST,/unknown,/exports,/home/ispframework/projects/isp-framework/backend/app/api/v1/endpoints/file_storage.py,337
/api/v1/unknown/exports,GET,/unknown,/exports,/home/ispframework/projects/isp-framework/backend/app/api/v1/endpoints/file_storage.py,361
/api/v1/unknown/exports/{job_id},GET,/unknown,/exports/{job_id},/home/ispframework/projects/isp-framework/backend/app/api/v1/endpoints/file_storage.py,394
/api/v1/unknown/files,GET,/unknown,/files,/home/ispframework/projects/isp-framework/backend/app/api/v1/endpoints/file_storage.py,72
/api/v1/unknown/files/{file_id},GET,/unknown,/files/{file_id},/home/ispframework/projects/isp-framework/backend/app/api/v1/endpoints/file_storage.py,109
/api/v1/unknown/files/{file_id},DELETE,/unknown,/files/{file_id},/home/ispframework/projects/isp-framework/backend/app/api/v1/endpoints/file_storage.py,148
/api/v1/unknown/files/{file_id}/download,GET,/unknown,/files/{file_id}/download,/home/ispframework/projects/isp-framework/backend/app/api/v1/endpoints/file_storage.py,126
/api/v1/unknown/imports,POST,/unknown,/imports,/home/ispframework/projects/isp-framework/backend/app/api/v1/endpoints/file_storage.py,170
/api/v1/unknown/imports,GET,/unknown,/imports,/home/ispframework/projects/isp-framework/backend/app/api/v1/endpoints/file_storage.py,218
/api/v1/unknown/imports/{job_id},GET,/unknown,/imports/{job_id},/home/ispframework/projects/isp-framework/backend/app/api/v1/endpoints/file_storage.py,251
/api/v1/unknown/imports/{job_id}/preview,GET,/unknown,/imports/{job_id}/preview,/home/ispframework/projects/isp-framework/backend/app/api/v1/endpoints/file_storage.py,268
/api/v1/unknown/imports/{job_id}/process,POST,/unknown,/imports/{job_id}/process,/home/ispframework/projects/isp-framework/backend/app/api/v1/endpoints/file_storage.py,295
/api/v1/unknown/invoices,POST,/unknown,/invoices,/home/ispframework/projects/isp-framework/backend/app/api/v1/endpoints/billing_enhanced.py,125
/api/v1/unknown/invoices/{invoice_id},GET,/unknown,/invoices/{invoice_id},/home/ispframework/projects/isp-framework/backend/app/api/v1/endpoints/billing_enhanced.py,145
/api/v1/unknown/invoices/{invoice_id}/finalize,POST,/unknown,/invoices/{invoice_id}/finalize,/home/ispframework/projects/isp-framework/backend/app/api/v1/endpoints/billing_enhanced.py,161
/api/v1/unknown/ip-assignments,POST,/unknown,/ip-assignments,/home/ispframework/projects/isp-framework/backend/app/api/v1/endpoints/service_management.py,53
/api/v1/unknown/ip-assignments,GET,/unknown,/ip-assignments,/home/ispframework/projects/isp-framework/backend/app/api/v1/endpoints/service_management.py,81
/api/v1/unknown/ip-assignments/{assignment_id},GET,/unknown,/ip-assignments/{assignment_id},/home/ispframework/projects/isp-framework/backend/app/api/v1/endpoints/service_management.py,115
/api/v1/unknown/ip-assignments/{assignment_id},DELETE,/unknown,/ip-assignments/{assignment_id},/home/ispframework/projects/isp-framework/backend/app/api/v1/endpoints/service_management.py,136
/api/v1/unknown/ipam/allocations/{allocation_id},DELETE,/unknown,/ipam/allocations/{allocation_id},/home/ispframework/projects/isp-framework/backend/app/api/v1/endpoints/network_modular.py,348
/api/v1/unknown/ipam/pools,POST,/unknown,/ipam/pools,/home/ispframework/projects/isp-framework/backend/app/api/v1/endpoints/network_modular.py,254
/api/v1/unknown/ipam/pools,GET,/unknown,/ipam/pools,/home/ispframework/projects/isp-framework/backend/app/api/v1/endpoints/network_modular.py,269
/api/v1/unknown/ipam/pools/{pool_id}/allocate,POST,/unknown,/ipam/pools/{pool_id}/allocate,/home/ispframework/projects/isp-framework/backend/app/api/v1/endpoints/network_modular.py,325
/api/v1/unknown/ipam/pools/{pool_id}/utilization,GET,/unknown,/ipam/pools/{pool_id}/utilization,/home/ispframework/projects/isp-framework/backend/app/api/v1/endpoints/network_modular.py,305
/api/v1/unknown/monitoring/alerts,GET,/unknown,/monitoring/alerts,/home/ispframework/projects/isp-framework/backend/app/api/v1/endpoints/network_modular.py,418
/api/v1/unknown/monitoring/alerts/{alert_id}/acknowledge,PUT,/unknown,/monitoring/alerts/{alert_id}/acknowledge,/home/ispframework/projects/isp-framework/backend/app/api/v1/endpoints/network_modular.py,441
/api/v1/unknown/monitoring/metrics,POST,/unknown,/monitoring/metrics,/home/ispframework/projects/isp-framework/backend/app/api/v1/endpoints/network_modular.py,402
/api/v1/unknown/overview,GET,/unknown,/overview,/home/ispframework/projects/isp-framework/backend/app/api/v1/endpoints/network_modular.py,462
/api/v1/unknown/payment-methods,POST,/unknown,/payment-methods,/home/ispframework/projects/isp-framework/backend/app/api/v1/endpoints/billing_enhanced.py,274
/api/v1/unknown/payment-plans,POST,/unknown,/payment-plans,/home/ispframework/projects/isp-framework/backend/app/api/v1/endpoints/billing_enhanced.py,368
/api/v1/unknown/payments,POST,/unknown,/payments,/home/ispframework/projects/isp-framework/backend/app/api/v1/endpoints/billing_enhanced.py,203
/api/v1/unknown/payments/{payment_id},GET,/unknown,/payments/{payment_id},/home/ispframework/projects/isp-framework/backend/app/api/v1/endpoints/billing_enhanced.py,227
/api/v1/unknown/process-alert,POST,/unknown,/process-alert,/home/ispframework/projects/isp-framework/backend/app/api/v1/endpoints/enhanced_grafana_alerts.py,87
/api/v1/unknown/reports/billing-overview,GET,/unknown,/reports/billing-overview,/home/ispframework/projects/isp-framework/backend/app/api/v1/endpoints/billing_enhanced.py,430
/api/v1/unknown/service-plan/{service_plan_id}/enforcement,GET,/unknown,/service-plan/{service_plan_id}/enforcement,/home/ispframework/projects/isp-framework/backend/app/api/v1/endpoints/radius_integration.py,276
/api/v1/unknown/session/accounting,POST,/unknown,/session/accounting,/home/ispframework/projects/isp-framework/backend/app/api/v1/endpoints/radius_integration.py,181
/api/v1/unknown/session/start,POST,/unknown,/session/start,/home/ispframework/projects/isp-framework/backend/app/api/v1/endpoints/radius_integration.py,75
/api/v1/unknown/session/stop,POST,/unknown,/session/stop,/home/ispframework/projects/isp-framework/backend/app/api/v1/endpoints/radius_integration.py,139
/api/v1/unknown/sessions/active,GET,/unknown,/sessions/active,/home/ispframework/projects/isp-framework/backend/app/api/v1/endpoints/radius_integration.py,313
/api/v1/unknown/sessions/customer/{customer_id},GET,/unknown,/sessions/customer/{customer_id},/home/ispframework/projects/isp-framework/backend/app/api/v1/endpoints/radius_integration.py,222
/api/v1/unknown/sites,POST,/unknown,/sites,/home/ispframework/projects/isp-framework/backend/app/api/v1/endpoints/network_modular.py,52
/api/v1/unknown/sites,GET,/unknown,/sites,/home/ispframework/projects/isp-framework/backend/app/api/v1/endpoints/network_modular.py,67
/api/v1/unknown/sites/{site_id},GET,/unknown,/sites/{site_id},/home/ispframework/projects/isp-framework/backend/app/api/v1/endpoints/network_modular.py,100
/api/v1/unknown/sites/{site_id},PUT,/unknown,/sites/{site_id},/home/ispframework/projects/isp-framework/backend/app/api/v1/endpoints/network_modular.py,125
/api/v1/unknown/statistics/overview,GET,/unknown,/statistics/overview,/home/ispframework/projects/isp-framework/backend/app/api/v1/endpoints/service_management.py,535
/api/v1/unknown/statistics/overview,GET,/unknown,/statistics/overview,/home/ispframework/projects/isp-framework/backend/app/api/v1/endpoints/radius_integration.py,365
/api/v1/unknown/status-history,POST,/unknown,/status-history,/home/ispframework/projects/isp-framework/backend/app/api/v1/endpoints/service_management.py,163
/api/v1/unknown/status-history,GET,/unknown,/status-history,/home/ispframework/projects/isp-framework/backend/app/api/v1/endpoints/service_management.py,190
/api/v1/unknown/suspensions,POST,/unknown,/suspensions,/home/ispframework/projects/isp-framework/backend/app/api/v1/endpoints/service_management.py,225
/api/v1/unknown/suspensions,GET,/unknown,/suspensions,/home/ispframework/projects/isp-framework/backend/app/api/v1/endpoints/service_management.py,252
/api/v1/unknown/suspensions/{suspension_id}/restore,POST,/unknown,/suspensions/{suspension_id}/restore,/home/ispframework/projects/isp-framework/backend/app/api/v1/endpoints/service_management.py,283
/api/v1/unknown/system-status,GET,/unknown,/system-status,/home/ispframework/projects/isp-framework/backend/app/api/v1/endpoints/enhanced_grafana_alerts.py,246
/api/v1/unknown/test-alert-integration,POST,/unknown,/test-alert-integration,/home/ispframework/projects/isp-framework/backend/app/api/v1/endpoints/enhanced_grafana_alerts.py,201
/api/v1/unknown/topology,GET,/unknown,/topology,/home/ispframework/projects/isp-framework/backend/app/api/v1/endpoints/network_modular.py,369
/api/v1/unknown/topology/connections,POST,/unknown,/topology/connections,/home/ispframework/projects/isp-framework/backend/app/api/v1/endpoints/network_modular.py,384
/api/v1/unknown/upload-url,POST,/unknown,/upload-url,/home/ispframework/projects/isp-framework/backend/app/api/v1/endpoints/file_storage.py,34
/api/v1/unknown/usage-tracking,POST,/unknown,/usage-tracking,/home/ispframework/projects/isp-framework/backend/app/api/v1/endpoints/service_management.py,313
/api/v1/unknown/usage-tracking,GET,/unknown,/usage-tracking,/home/ispframework/projects/isp-framework/backend/app/api/v1/endpoints/service_management.py,342
/api/v1/unknown/webhook/grafana-alerts,POST,/unknown,/webhook/grafana-alerts,/home/ispframework/projects/isp-framework/backend/app/api/v1/endpoints/grafana_alerts.py,44
/api/v1/unknown/webhook/test,GET,/unknown,/webhook/test,/home/ispframework/projects/isp-framework/backend/app/api/v1/endpoints/grafana_alerts.py,224
/api/v1/webhooks/admin/process-pending,POST,/webhooks,/admin/process-pending,/home/ispframework/projects/isp-framework/backend/app/api/v1/endpoints/webhooks.py,655
/api/v1/webhooks/deliveries,GET,/webhooks,/deliveries,/home/ispframework/projects/isp-framework/backend/app/api/v1/endpoints/webhooks.py,323
/api/v1/webhooks/deliveries/{delivery_id},GET,/webhooks,/deliveries/{delivery_id},/home/ispframework/projects/isp-framework/backend/app/api/v1/endpoints/webhooks.py,358
/api/v1/webhooks/deliveries/{delivery_id}/attempts,GET,/webhooks,/deliveries/{delivery_id}/attempts,/home/ispframework/projects/isp-framework/backend/app/api/v1/endpoints/webhooks.py,377
/api/v1/webhooks/deliveries/{delivery_id}/retry,POST,/webhooks,/deliveries/{delivery_id}/retry,/home/ispframework/projects/isp-framework/backend/app/api/v1/endpoints/webhooks.py,396
/api/v1/webhooks/endpoints,POST,/webhooks,/endpoints,/home/ispframework/projects/isp-framework/backend/app/api/v1/endpoints/webhooks.py,141
/api/v1/webhooks/endpoints,GET,/webhooks,/endpoints,/home/ispframework/projects/isp-framework/backend/app/api/v1/endpoints/webhooks.py,152
/api/v1/webhooks/endpoints/{endpoint_id},GET,/webhooks,/endpoints/{endpoint_id},/home/ispframework/projects/isp-framework/backend/app/api/v1/endpoints/webhooks.py,189
/api/v1/webhooks/endpoints/{endpoint_id},PUT,/webhooks,/endpoints/{endpoint_id},/home/ispframework/projects/isp-framework/backend/app/api/v1/endpoints/webhooks.py,208
/api/v1/webhooks/endpoints/{endpoint_id},DELETE,/webhooks,/endpoints/{endpoint_id},/home/ispframework/projects/isp-framework/backend/app/api/v1/endpoints/webhooks.py,228
/api/v1/webhooks/endpoints/{endpoint_id}/filters,POST,/webhooks,/endpoints/{endpoint_id}/filters,/home/ispframework/projects/isp-framework/backend/app/api/v1/endpoints/webhooks.py,431
/api/v1/webhooks/endpoints/{endpoint_id}/filters,GET,/webhooks,/endpoints/{endpoint_id}/filters,/home/ispframework/projects/isp-framework/backend/app/api/v1/endpoints/webhooks.py,451
/api/v1/webhooks/endpoints/{endpoint_id}/stats,GET,/webhooks,/endpoints/{endpoint_id}/stats,/home/ispframework/projects/isp-framework/backend/app/api/v1/endpoints/webhooks.py,570
/api/v1/webhooks/event-types,POST,/webhooks,/event-types,/home/ispframework/projects/isp-framework/backend/app/api/v1/endpoints/webhooks.py,51
/api/v1/webhooks/event-types,GET,/webhooks,/event-types,/home/ispframework/projects/isp-framework/backend/app/api/v1/endpoints/webhooks.py,71
/api/v1/webhooks/event-types/{event_type_id},GET,/webhooks,/event-types/{event_type_id},/home/ispframework/projects/isp-framework/backend/app/api/v1/endpoints/webhooks.py,83
/api/v1/webhooks/event-types/{event_type_id},PUT,/webhooks,/event-types/{event_type_id},/home/ispframework/projects/isp-framework/backend/app/api/v1/endpoints/webhooks.py,102
/api/v1/webhooks/event-types/{event_type_id},DELETE,/webhooks,/event-types/{event_type_id},/home/ispframework/projects/isp-framework/backend/app/api/v1/endpoints/webhooks.py,122
/api/v1/webhooks/events,POST,/webhooks,/events,/home/ispframework/projects/isp-framework/backend/app/api/v1/endpoints/webhooks.py,247
/api/v1/webhooks/events,GET,/webhooks,/events,/home/ispframework/projects/isp-framework/backend/app/api/v1/endpoints/webhooks.py,264
/api/v1/webhooks/events/{event_id},GET,/webhooks,/events/{event_id},/home/ispframework/projects/isp-framework/backend/app/api/v1/endpoints/webhooks.py,303
/api/v1/webhooks/stats,GET,/webhooks,/stats,/home/ispframework/projects/isp-framework/backend/app/api/v1/endpoints/webhooks.py,476
/api/v1/webhooks/test,POST,/webhooks,/test,/home/ispframework/projects/isp-framework/backend/app/api/v1/endpoints/webhooks.py,463
